exit_month_et,trades,gross_pnl_dollars_5_mnq,avg_trade_dollars,gross_points,avg_points_per_trade,win_rate_pct,cumulative_pnl_dollars_5_mnq
2025-10,18,7452.750000000015,414.0416666666675,745.2750000000015,41.40416666666675,33.33333333333333,7452.750000000015
2025-11,13,9210.410714285681,708.4931318681294,921.0410714285681,70.84931318681294,30.76923076923077,16663.160714285696
2025-12,13,4620.39285714287,355.4148351648361,462.03928571428696,35.54148351648361,23.076923076923077,21283.553571428565
2026-01,15,560.0,37.333333333333336,56.0,3.7333333333333334,20.0,21843.553571428565
2026-02,16,8092.73214285713,505.79575892857065,809.273214285713,50.579575892857065,25.0,29936.285714285696
2026-03,20,10288.72321428571,514.4361607142855,1028.872321428571,51.44361607142855,20.0,40225.008928571406
2026-04,4,900.0,225.0,90.0,22.5,25.0,41125.008928571406
