exit_month_et,trades,gross_pnl_dollars_5_mnq,avg_trade_dollars,gross_points,avg_points_per_trade,win_rate_pct,cumulative_pnl_dollars_5_mnq
2025-10,27,5716.696428571449,211.72949735449814,571.6696428571449,21.172949735449812,55.55555555555556,5716.696428571449
2025-11,28,20848.455357142848,744.5876913265303,2084.845535714285,74.45876913265303,60.71428571428571,26565.151785714297
2025-12,15,3251.27678571429,216.751785714286,325.127678571429,21.6751785714286,53.333333333333336,29816.428571428587
2026-01,28,5279.4821428571595,188.55293367347,527.948214285716,18.855293367347,53.57142857142857,35095.91071428575
2026-02,27,9581.973214285717,354.8878968253969,958.1973214285717,35.4887896825397,44.44444444444444,44677.883928571464
2026-03,42,17344.142857142797,412.95578231292376,1734.4142857142797,41.295578231292374,50.0,62022.02678571426
2026-04,5,2669.937499999978,533.9874999999956,266.9937499999978,53.398749999999566,60.0,64691.96428571424
