exit_month_et,trades,gross_pnl_dollars_5_mnq,avg_trade_dollars,gross_points,avg_points_per_trade,win_rate_pct,cumulative_pnl_dollars_5_mnq
2025-04,13,662.5,50.96153846153846,66.25,5.096153846153846,38.46153846153847,662.5
2025-05,17,5392.5,317.20588235294116,539.25,31.720588235294116,41.17647058823529,6055.0
2025-06,28,3943.5625000000073,140.84151785714312,394.3562500000007,14.084151785714312,57.14285714285714,9998.562500000007
2025-07,30,4317.5,143.91666666666666,431.75,14.391666666666667,53.333333333333336,14316.062500000007
2025-08,17,-218.6428571428405,-12.861344537814148,-21.86428571428405,-1.2861344537814148,35.294117647058826,14097.419642857167
2025-09,31,3657.5,117.98387096774194,365.75,11.798387096774194,58.06451612903226,17754.919642857167
2025-10,25,5164.955357142899,206.59821428571595,516.4955357142899,20.659821428571593,56.00000000000001,22919.875000000065
